KeyName,LnkName,KeyLastWriteTimestamp
.lnk|f7abc003ad5fe4ea,C:\Program Files\Common Files\microsoft shared\ClickToRun\.LNK,2021-06-02 08:38:23
19-07-2021_13-43|d57ea475d205239a,c:\users\klim\Desktop\Forensic\Recent\19-07-2021_13-43-21.zip.lnk,2021-09-13 10:09:12
1untitled.png.ln|497d5eeb0a5e59e9,c:\users\klim\Desktop\Forensic\Recent\1Untitled.png.lnk,2021-09-13 10:09:13
2021-07-07 20-46|adc39af77b520c31,c:\users\klim\Desktop\Forensic\Recent\2021-07-07 20-46-23.mkv.lnk,2021-09-13 10:09:13
2021-07-07 21-06|ded3b000ca31d077,c:\users\klim\Desktop\Forensic\Recent\2021-07-07 21-06-25.mkv.lnk,2021-09-13 10:09:13
2021-07-07 21-09|3f9ba8e301ab7341,c:\users\klim\Desktop\Forensic\Recent\2021-07-07 21-09-14.mkv.lnk,2021-09-13 10:09:13
2021-07-07 21-12|ca58cbac670a71b3,c:\users\klim\Desktop\Forensic\Recent\2021-07-07 21-12-22.mkv.lnk,2021-09-13 10:09:13
2021-07-07 21-58|d8316a082aaed1e1,c:\users\klim\Desktop\Forensic\Recent\2021-07-07 21-58-11.mkv.lnk,2021-09-13 10:09:13
2021-07-07 22-41|575ec1c6f925e9d,c:\users\klim\Desktop\Forensic\Recent\2021-07-07 22-41-27.mkv.lnk,2021-09-13 10:09:13
2021-07-07 22-45|3d7a8e16edf1328f,c:\users\klim\Desktop\Forensic\Recent\2021-07-07 22-45-10.mkv.lnk,2021-09-13 10:09:13
2281-неправильно|53765a3f6ebf5ce3,c:\users\klim\Desktop\Forensic\Recent\2281-неправильно-попробуи-еще-раз.mp3.lnk,2021-09-13 10:09:13
7-zip file manag|1cfcc57bd05e0f1c,C:\ProgramData\Microsoft\Windows\Start Menu\Programs\7-Zip\7-Zip File Manager.lnk,2021-06-15 14:56:37
7-zip help.lnk|b530b9ae32462b97,C:\ProgramData\Microsoft\Windows\Start Menu\Programs\7-Zip\7-Zip Help.lnk,2021-06-15 14:56:37
administrative t|71f7e436c54edf53,c:\users\klim\AppData\Roaming\Microsoft\Windows\Start Menu\Programs\System Tools\Administrative Tools.lnk,2021-05-26 08:54:49
analysis service|4d8088540f2cdd61,C:\ProgramData\Microsoft\Windows\Start Menu\Programs\Microsoft SQL Server Tools 18\Analysis Services Deployment Wizard 18.lnk,2021-05-26 08:54:46
application veri|1a39ed8c5e84e9c,C:\ProgramData\Microsoft\Windows\Start Menu\Programs\Windows Kits\Application Verifier (X64)\Application Verifier Help.lnk,2021-05-26 08:54:46
application veri|2ed8038780f7a245,C:\ProgramData\Microsoft\Windows\Start Menu\Programs\Windows Kits\Application Verifier (X86)\Application Verifier (WOW).lnk,2021-05-26 08:54:46
application veri|fba04ebff0499ec3,C:\ProgramData\Microsoft\Windows\Start Menu\Programs\Windows Kits\Application Verifier (X64)\Application Verifier (X64).lnk,2021-05-26 08:54:46
assistant 6.1.2 |431ab67a6c958502,c:\users\klim\AppData\Roaming\Microsoft\Windows\Start Menu\Programs\Qt\6.1.2\MinGW 8.1.0 (64-bit)\Assistant 6.1.2 (MinGW 8.1.0 64-bit).lnk,2021-08-22 16:34:13
azure data studi|1ff163603291a02b,C:\ProgramData\Microsoft\Windows\Start Menu\Programs\Azure Data Studio\Azure Data Studio.lnk,2021-05-26 08:54:42
battlestate game|28180f29db7c40ec,C:\Users\Public\Desktop\Battlestate Games Launcher.lnk,2021-07-11 06:01:47
battlestate game|789ca880b8937812,C:\ProgramData\Microsoft\Windows\Start Menu\Programs\Battlestate Games\Battlestate Games Launcher.lnk,2021-07-11 06:01:47
blend for visual|c9b69b8ebc613f8d,C:\ProgramData\Microsoft\Windows\Start Menu\Programs\Blend for Visual Studio 2019.lnk,2021-05-26 08:54:44
boost_1_77_0.zip|f556d12765490f16,c:\users\klim\Desktop\Forensic\Recent\boost_1_77_0.zip.lnk,2021-09-13 10:09:13
buroveliseiandre|885bcb948a936fa0,c:\users\klim\Desktop\Forensic\Recent\BurovEliseiAndreevich_19072021140000_ru.pdf.lnk,2021-09-13 10:09:13
ccleaner.lnk|3ac6ba1b17230f9f,C:\Users\Public\Desktop\CCleaner.lnk,2021-05-26 08:54:47
ccleaner.lnk|ed63b07b23a35be5,C:\ProgramData\Microsoft\Windows\Start Menu\Programs\CCleaner\CCleaner.lnk,2021-05-26 08:54:46
character map.ln|a9bafb4ca6647e44,C:\ProgramData\Microsoft\Windows\Start Menu\Programs\Accessories\System Tools\Character Map.lnk,2021-05-26 08:54:41
cmake (cmake-gui|e0b64d051579dcd9,C:\ProgramData\Microsoft\Windows\Start Menu\Programs\CMake\CMake (cmake-gui).lnk,2021-08-22 16:34:11
cmake documentat|bd8370f6ee0a6c09,C:\ProgramData\Microsoft\Windows\Start Menu\Programs\CMake\CMake Documentation.lnk,2021-08-22 16:34:11
command prompt.l|42f692879fe2db61,c:\users\klim\AppData\Roaming\Microsoft\Windows\Start Menu\Programs\System Tools\Command Prompt.lnk,2021-05-26 08:54:49
component servic|359825efd3d8f6e7,C:\ProgramData\Microsoft\Windows\Start Menu\Programs\Administrative Tools\Component Services.lnk,2021-05-26 08:54:41
computer managem|234510a6c0bf02bf,C:\ProgramData\Microsoft\Windows\Start Menu\Programs\Administrative Tools\Computer Management.lnk,2021-05-26 08:54:41
computer.lnk|370f86de193f0b50,c:\users\klim\AppData\Roaming\Microsoft\Windows\Start Menu\Programs\System Tools\computer.lnk,2021-05-26 08:54:49
control panel.ln|689270c5776d92ec,c:\users\klim\AppData\Roaming\Microsoft\Windows\Start Menu\Programs\System Tools\Control Panel.lnk,2021-05-26 08:54:49
cpuid hwmonitor.|65fe4fa2e83400a3,C:\Users\Public\Desktop\CPUID HWMonitor.lnk,2021-07-01 14:24:33
cracking sands r|ad82c4a40882c46e,c:\users\klim\AppData\Roaming\Microsoft\Windows\Start Menu\Programs\Приложения Chrome\Cracking Sands Racing.lnk,2021-05-26 08:54:49
cut the rope.lnk|83cc487f14ceb912,c:\users\klim\AppData\Roaming\Microsoft\Windows\Start Menu\Programs\Приложения Chrome\Cut the Rope.lnk,2021-05-26 08:54:49
database engine |83d32ca5d4ebfeca,C:\ProgramData\Microsoft\Windows\Start Menu\Programs\Microsoft SQL Server Tools 18\Performance Tools\Database Engine Tuning Advisor 18.lnk,2021-05-26 08:54:46
debuggable packa|228c48ea07ac51be,C:\ProgramData\Microsoft\Windows\Start Menu\Programs\Visual Studio 2019\Visual Studio Tools\Debuggable Package Manager.lnk,2021-05-26 08:54:46
debugging help.l|9d1bbb7c04c97732,C:\ProgramData\Microsoft\Windows\Start Menu\Programs\Windows Kits\Debugging Tools for Windows (X64)\Debugging Help.lnk,2021-08-22 16:34:12
debugging help.l|bb1b77a2bb794eb1,C:\ProgramData\Microsoft\Windows\Start Menu\Programs\Windows Kits\Debugging Tools for Windows (X86)\Debugging Help.lnk,2021-08-22 16:34:12
designer 6.1.2 (|9211e84bf960c2f,c:\users\klim\AppData\Roaming\Microsoft\Windows\Start Menu\Programs\Qt\6.1.2\MinGW 8.1.0 (64-bit)\Designer 6.1.2 (MinGW 8.1.0 64-bit).lnk,2021-08-22 16:34:13
desktop.lnk|fc8027eb1ab86042,c:\users\klim\Desktop\Forensic\Recent\Desktop.lnk,2021-09-13 10:09:13
developer comman|2fc8adbdd2ebc800,C:\ProgramData\Microsoft\Windows\Start Menu\Programs\Visual Studio 2019\Visual Studio Tools\Developer Command Prompt for VS 2019.lnk,2021-05-26 08:54:46
developer powers|4c7d0534bc5a2af3,C:\ProgramData\Microsoft\Windows\Start Menu\Programs\Visual Studio 2019\Visual Studio Tools\Developer PowerShell for VS 2019.lnk,2021-05-26 08:54:46
dfrgui.lnk|6d94f7be43a3a3a6,C:\ProgramData\Microsoft\Windows\Start Menu\Programs\Administrative Tools\dfrgui.lnk,2021-05-26 08:54:41
discord.lnk|649c1d0bdbd90c98,c:\users\klim\Desktop\Discord.lnk,2021-05-26 08:54:49
discord.lnk|a30106414c795878,c:\users\klim\AppData\Roaming\Microsoft\Windows\Start Menu\Programs\Discord Inc\Discord.lnk,2021-05-26 08:54:49
disk cleanup.lnk|62909f750f89c6e5,C:\ProgramData\Microsoft\Windows\Start Menu\Programs\Administrative Tools\Disk Cleanup.lnk,2021-05-26 08:54:41
documentation fo|1928444bd39b1fd8,C:\ProgramData\Microsoft\Windows\Start Menu\Programs\Windows Kits\Windows Software Development Kit\Documentation for Windows Store Apps.lnk,2021-05-26 08:54:47
documentation fo|ae6744a3d9e98e18,C:\ProgramData\Microsoft\Windows\Start Menu\Programs\Windows Kits\Windows Software Development Kit\Documentation for Desktop Apps.lnk,2021-05-26 08:54:47
documentation.ln|f5c6a4916a5b0e69,C:\ProgramData\Microsoft\Windows\Start Menu\Programs\Microsoft Azure\Microsoft Azure SDK for .NET\v2.9\Documentation.lnk,2021-05-26 08:54:46
downloads (2).ln|2ee275c9288a5f27,c:\users\klim\Desktop\Forensic\Recent\Downloads (2).lnk,2021-09-13 10:09:13
downloads (3).ln|8102333442728465,c:\users\klim\Desktop\Forensic\Recent\Downloads (3).lnk,2021-09-13 10:09:13
downloads (4).ln|d22adc88afc4f7,c:\users\klim\Desktop\Forensic\Recent\Downloads (4).lnk,2021-09-13 10:09:13
downloads (5).ln|e400644514394793,c:\users\klim\Desktop\Forensic\Recent\Downloads (5).lnk,2021-09-13 10:09:13
downloads (6).ln|4bf1b379b2baff7e,c:\users\klim\Desktop\Forensic\Recent\Downloads (6).lnk,2021-09-13 10:09:13
downloads.lnk|3a4e739c6c770e3,c:\users\klim\Desktop\Forensic\Recent\Downloads.lnk,2021-09-13 10:09:13
dr.web help (eng|fa86d170b1cd134e,C:\ProgramData\Microsoft\Windows\Start Menu\Programs\Dr.Web\Dr.Web Help (English).lnk,2021-09-20 16:49:51
dr.web scanner.l|24e08223a0cf85e,C:\Users\Public\Desktop\Dr.Web Scanner.lnk,2021-09-20 16:49:51
dr.web scanner.l|bc4cc1f0c7ff49bf,C:\ProgramData\Microsoft\Windows\Start Menu\Programs\Dr.Web\Dr.Web Scanner.lnk,2021-09-20 16:49:51
driver booster 8|946d69f86755b7fa,C:\ProgramData\Microsoft\Windows\Start Menu\Programs\Driver Booster 8\Driver Booster 8.lnk,2021-05-29 12:27:10
einreiseanmeldun|13e647cb471a573d,c:\users\klim\Desktop\Forensic\Recent\Einreiseanmeldung (1).pdf.lnk,2021-09-13 10:09:13
einreiseanmeldun|ca76d33a46fe04b6,c:\users\klim\Desktop\Forensic\Recent\Einreiseanmeldung (2).pdf.lnk,2021-09-13 10:09:13
einreiseanmeldun|ee61c52758868798,c:\users\klim\Desktop\Forensic\Recent\Einreiseanmeldung.pdf.lnk,2021-09-13 10:09:13
eula.lnk|f0fd50e1053b3126,C:\ProgramData\Microsoft\Windows\Start Menu\Programs\Microsoft Visual Studio 2019 Tools for Unity\EULA.lnk,2021-05-26 08:54:46
event viewer.lnk|53b878dde735fea7,C:\ProgramData\Microsoft\Windows\Start Menu\Programs\Administrative Tools\Event Viewer.lnk,2021-05-26 08:54:41
excel.lnk|55a857be1a997a6a,C:\ProgramData\Microsoft\Windows\Start Menu\Programs\Excel.lnk,2021-05-27 14:23:30
file explorer.ln|34c1291452e6b30,c:\users\klim\AppData\Roaming\Microsoft\Windows\Start Menu\Programs\System Tools\File Explorer.lnk,2021-05-26 08:54:49
filipp-burovaele|a16469f498673109,c:\users\klim\Desktop\Forensic\Recent\Filipp-BurovaElenaGrigorevna_19072021141000.pdf.lnk,2021-09-13 10:09:13
forensic.lnk|444e84d25432e41d,c:\users\klim\Desktop\Forensic\Recent\Forensic.lnk,2021-09-13 10:09:13
games for window|453b8feec6a13e7f,C:\ProgramData\Microsoft\Windows\Start Menu\Programs\Microsoft Games for Windows Marketplace\Games for Windows Marketplace.lnk,2021-06-15 14:56:37
git bash.lnk|ec7a3eb174798f3d,C:\ProgramData\Microsoft\Windows\Start Menu\Programs\Git\Git Bash.lnk,2021-08-22 16:34:11
git cmd.lnk|30c68c41e25c922e,C:\ProgramData\Microsoft\Windows\Start Menu\Programs\Git\Git CMD.lnk,2021-08-22 16:34:11
git gui.lnk|7a703d48ee80b130,C:\ProgramData\Microsoft\Windows\Start Menu\Programs\Git\Git GUI.lnk,2021-08-22 16:34:12
git release note|c221a296b96f6d3f,C:\ProgramData\Microsoft\Windows\Start Menu\Programs\Git\Git Release Notes.lnk,2021-08-22 16:34:12
github desktop.l|10bc32186bada19,"c:\users\klim\AppData\Roaming\Microsoft\Windows\Start Menu\Programs\GitHub, Inc\GitHub Desktop.lnk",2021-05-26 08:54:49
github desktop.l|6d6d4d38ebbe51cf,c:\users\klim\Desktop\GitHub Desktop.lnk,2021-05-26 08:54:49
global flags (x6|51a26b776a3dc164,C:\ProgramData\Microsoft\Windows\Start Menu\Programs\Windows Kits\Debugging Tools for Windows (X64)\Global Flags (X64).lnk,2021-08-22 16:34:12
global flags (x8|53c6483f43c36c32,C:\ProgramData\Microsoft\Windows\Start Menu\Programs\Windows Kits\Debugging Tools for Windows (X86)\Global Flags (X86).lnk,2021-08-22 16:34:12
google chrome.ln|32f2f2b02e508cef,C:\ProgramData\Microsoft\Windows\Start Menu\Programs\Google Chrome.lnk,2021-05-26 08:54:46
google chrome.ln|fd5a6049317900fa,C:\Users\Public\Desktop\Google Chrome.lnk,2021-05-26 08:54:47
happy friday!.ln|f15625b1b3437945,c:\users\klim\AppData\Roaming\Microsoft\Windows\Start Menu\Programs\Приложения Chrome\Happy Friday!.lnk,2021-05-26 08:54:49
httpsniffer.lnk|3dbe9063fae75d1d,c:\users\klim\Desktop\Forensic\Recent\HTTPSniffer.lnk,2021-09-13 10:09:13
httpsniffer.sln.|6a69e7154e93394a,c:\users\klim\Desktop\Forensic\Recent\HTTPSniffer.sln.lnk,2021-09-13 10:09:13
httpsniffer.zip.|f23b893dde1bcd31,c:\users\klim\Desktop\Forensic\Recent\HTTPSniffer.zip.lnk,2021-09-13 10:09:13
hwmonitor.lnk|ab4ede97f393f03,C:\ProgramData\Microsoft\Windows\Start Menu\Programs\CPUID\HWMonitor\HWMonitor.lnk,2021-07-01 14:24:33
hyper-v manager.|804be627040b0af0,C:\ProgramData\Microsoft\Windows\Start Menu\Programs\Administrative Tools\Hyper-V Manager.lnk,2021-05-26 08:54:41
iis client manag|eff290993eb875b1,C:\ProgramData\Microsoft\Windows\Start Menu\Programs\IIS\IIS Client Manager.lnk,2021-05-26 08:54:46
iis manager.lnk|a11bfed991f23c1,C:\ProgramData\Microsoft\Windows\Start Menu\Programs\Administrative Tools\IIS Manager.lnk,2021-05-26 08:54:41
internet explore|5d87dbf12c1380f7,c:\users\klim\AppData\Roaming\Microsoft\Windows\Start Menu\Programs\Accessories\Internet Explorer.lnk,2021-05-26 08:54:49
iscsi initiator.|afb67f6079313688,C:\ProgramData\Microsoft\Windows\Start Menu\Programs\Administrative Tools\iSCSI Initiator.lnk,2021-05-26 08:54:41
kaspersky anti-v|1ee9fcacd51cd491,C:\Program Files (x86)\Kaspersky Lab\Kaspersky Security Cloud 21.3\Desktop\kav\Kaspersky Anti-Virus.lnk,2021-05-26 08:54:48
kaspersky anti-v|bb8bda2bfeb2fad8,C:\Program Files (x86)\Kaspersky Lab\Kaspersky Security Cloud 21.3\StartMenu\kav\Kaspersky Anti-Virus\Kaspersky Anti-Virus.lnk,2021-05-26 08:54:48
kaspersky free.l|c61902cd8be7ad03,C:\Program Files (x86)\Kaspersky Lab\Kaspersky Security Cloud 21.3\Desktop\kfa\Kaspersky Free.lnk,2021-05-26 08:54:48
kaspersky free.l|cd51e44fda22cac3,C:\Program Files (x86)\Kaspersky Lab\Kaspersky Security Cloud 21.3\StartMenu\kfa\Kaspersky Free\Kaspersky Free.lnk,2021-05-26 08:54:48
kaspersky intern|5bb4258ad8b5177b,C:\Program Files (x86)\Kaspersky Lab\Kaspersky Security Cloud 21.3\Desktop\kis\Kaspersky Internet Security.lnk,2021-05-26 08:54:48
kaspersky intern|b4a3c63f47377f4e,C:\Program Files (x86)\Kaspersky Lab\Kaspersky Security Cloud 21.3\StartMenu\kis\Kaspersky Internet Security\Kaspersky Internet Security.lnk,2021-05-26 08:54:48
kaspersky passwo|3a69831071d38e2a,C:\ProgramData\Microsoft\Windows\Start Menu\Programs\Kaspersky Password Manager\Kaspersky Password Manager Справка.lnk,2021-05-26 08:54:46
kaspersky passwo|7f71cbc58f6120e5,C:\ProgramData\Microsoft\Windows\Start Menu\Programs\Kaspersky Password Manager\Kaspersky Password Manager.lnk,2021-05-26 08:54:46
kaspersky passwo|baadcc336871175e,C:\Users\Public\Desktop\Kaspersky Password Manager.lnk,2021-05-26 08:54:47
kaspersky secure|95c66d4e5ea2d279,C:\Program Files (x86)\Kaspersky Lab\Kaspersky Secure Connection 5.3\StartMenu\ksde\Kaspersky Secure Connection\Kaspersky Secure Connection.lnk,2021-05-26 08:54:48
kaspersky secure|9d9f0e760d0ca819,C:\ProgramData\Microsoft\Windows\Start Menu\Programs\Kaspersky Secure Connection\Kaspersky Secure Connection.lnk,2021-05-26 08:54:46
kaspersky securi|3a5df737d44a8742,C:\ProgramData\Microsoft\Windows\Start Menu\Programs\Kaspersky Security Cloud\Kaspersky Security Cloud.lnk,2021-05-26 08:54:46
kaspersky securi|40cb808d51c57cd0,C:\Users\Public\Desktop\Kaspersky Security Cloud.lnk,2021-05-26 08:54:47
kaspersky securi|77f93d406e9163,C:\Program Files (x86)\Kaspersky Lab\Kaspersky Security Cloud 21.3\StartMenu\saas\Kaspersky Security Cloud\Kaspersky Security Cloud.lnk,2021-05-26 08:54:48
kaspersky securi|84f3843f83bbdb79,C:\Program Files (x86)\Kaspersky Lab\Kaspersky Security Cloud 21.3\Desktop\saas\Kaspersky Security Cloud.lnk,2021-05-26 08:54:48
kaspersky total |abaea1b493a83c4d,C:\Program Files (x86)\Kaspersky Lab\Kaspersky Security Cloud 21.3\Desktop\pure\Kaspersky Total Security.lnk,2021-05-26 08:54:48
kaspersky total |b09205535cb4f54b,C:\Program Files (x86)\Kaspersky Lab\Kaspersky Security Cloud 21.3\StartMenu\pure\Kaspersky Total Security\Kaspersky Total Security.lnk,2021-05-26 08:54:48
linguist 6.1.2 (|3f865ba5e5b7d12,c:\users\klim\AppData\Roaming\Microsoft\Windows\Start Menu\Programs\Qt\6.1.2\MinGW 8.1.0 (64-bit)\Linguist 6.1.2 (MinGW 8.1.0 64-bit).lnk,2021-08-22 16:34:13
local disk (d) (|fce10a7caacbda1c,c:\users\klim\Desktop\Forensic\Recent\Local Disk (D) (3).lnk,2021-09-13 10:09:13
local disk (d) (|fd753993f36912ca,c:\users\klim\Desktop\Forensic\Recent\Local Disk (D) (2).lnk,2021-09-13 10:09:13
local disk (d).l|466377bf1be489c2,c:\users\klim\Desktop\Local Disk (D).lnk,2021-06-25 15:12:11
local disk (d).l|b410071c052ac547,c:\users\klim\Desktop\Forensic\Recent\Local Disk (D).lnk,2021-09-13 10:09:13
magnify.lnk|cb707a8a586dc71,c:\users\klim\AppData\Roaming\Microsoft\Windows\Start Menu\Programs\Accessibility\Magnify.lnk,2021-05-26 08:54:49
malwarebytes.lnk|4795b428c1a3a56e,C:\ProgramData\Microsoft\Windows\Start Menu\Programs\Malwarebytes.lnk,2021-06-29 14:41:27
malwarebytes.lnk|886598618e0e04de,C:\Users\Public\Desktop\Malwarebytes.lnk,2021-07-05 17:31:40
math input panel|984bf2fa2a87f169,C:\ProgramData\Microsoft\Windows\Start Menu\Programs\Accessories\Math Input Panel.lnk,2021-05-26 08:54:41
memory diagnosti|feac8b8d8877aa2c,C:\ProgramData\Microsoft\Windows\Start Menu\Programs\Administrative Tools\Memory Diagnostics Tool.lnk,2021-05-26 08:54:41
microsoft azure |50e8c620d25da785,C:\ProgramData\Microsoft\Windows\Start Menu\Programs\Microsoft Azure\Microsoft Azure SDK for .NET\v2.9\Microsoft Azure Command Prompt - v2.9.lnk,2021-05-26 08:54:46
microsoft azure |568e97607871be3d,C:\ProgramData\Microsoft\Windows\Start Menu\Programs\Microsoft Azure\Emulator\Microsoft Azure Compute Emulator - v2.9.lnk,2021-05-26 08:54:46
microsoft azure |89c391be76e33da8,C:\ProgramData\Microsoft\Windows\Start Menu\Programs\Microsoft Azure\Microsoft Azure SDK for .NET\v2.9\Microsoft Azure HPC Scheduler SDK Content.lnk,2021-05-26 08:54:46
microsoft azure |d71b10b92d14444e,C:\ProgramData\Microsoft\Windows\Start Menu\Programs\Microsoft Azure\Storage Emulator\Microsoft Azure Storage Emulator - v5.10.lnk,2021-05-26 08:54:46
microsoft edge.l|175f76ca52d847af,C:\ProgramData\Microsoft\Windows\Start Menu\Programs\Microsoft Edge.lnk,2021-05-26 08:54:46
microsoft sql se|713ffc14a887f5c1,C:\ProgramData\Microsoft\Windows\Start Menu\Programs\Microsoft SQL Server Tools 18\Microsoft SQL Server Management Studio 18.lnk,2021-05-26 08:54:46
microsoft teams.|b5e81fc8667ea98a,c:\users\klim\Desktop\Microsoft Teams.lnk,2021-05-27 14:23:33
microsoft teams.|e71f7afdf80ab337,c:\users\klim\AppData\Roaming\Microsoft\Windows\Start Menu\Programs\Microsoft Teams.lnk,2021-05-27 14:23:33
microsoft-window|40c500f9d98b0a7d,c:\users\klim\Desktop\Forensic\Recent\Microsoft-Windows-Kernel-PnP%4Configuration.evtx.lnk,2021-09-13 10:09:13
ms-gamingoverlay|108c1425e52d03a0,c:\users\klim\Desktop\Forensic\Recent\ms-gamingoverlay--startuptips-TitleId=1879366078&ProcessId=4976&WindowId=1249046.lnk,2021-09-13 10:09:13
ms-gamingoverlay|14701c16815bdf67,c:\users\klim\Desktop\Forensic\Recent\ms-gamingoverlay--startuptips-TitleId=1872124110&ProcessId=13512&WindowId=6097694.lnk,2021-09-13 10:09:13
ms-gamingoverlay|1d2a6cb1884e03ad,c:\users\klim\Desktop\Forensic\Recent\ms-gamingoverlay--startuptips-TitleId=1879366078&ProcessId=66724&WindowId=289147088.lnk,2021-09-13 10:09:13
ms-gamingoverlay|1f4896cbac567a64,c:\users\klim\Desktop\Forensic\Recent\ms-gamingoverlay--startuptips-TitleId=1879366078&ProcessId=10064&WindowId=1377902.lnk,2021-09-13 10:09:13
ms-gamingoverlay|2133012b86f7d30f,c:\users\klim\Desktop\Forensic\Recent\ms-gamingoverlay--startuptips-TitleId=1879366078&ProcessId=17504&WindowId=198094.lnk,2021-09-13 10:09:13
ms-gamingoverlay|227bf6b13089601f,c:\users\klim\Desktop\Forensic\Recent\ms-gamingoverlay--startuptips-TitleId=1941566477&ProcessId=4248&WindowId=263492.lnk,2021-09-13 10:09:13
ms-gamingoverlay|22a37f48b618b4fa,c:\users\klim\Desktop\Forensic\Recent\ms-gamingoverlay--startuptips-TitleId=1879366078&ProcessId=15048&WindowId=3606668.lnk,2021-09-13 10:09:13
ms-gamingoverlay|26871528629fc6b5,c:\users\klim\Desktop\Forensic\Recent\ms-gamingoverlay--startuptips-TitleId=1701961169&ProcessId=8276&WindowId=591020.lnk,2021-09-13 10:09:13
ms-gamingoverlay|27fc9eb9768a214d,c:\users\klim\Desktop\Forensic\Recent\ms-gamingoverlay--startuptips-TitleId=1872124110&ProcessId=18056&WindowId=5243934.lnk,2021-09-13 10:09:13
ms-gamingoverlay|2bab693e55f51f5e,c:\users\klim\Desktop\Forensic\Recent\ms-gamingoverlay--startuptips-TitleId=1879366078&ProcessId=65272&WindowId=2623832.lnk,2021-09-13 10:09:13
ms-gamingoverlay|2be33d92c7763cab,c:\users\klim\Desktop\Forensic\Recent\ms-gamingoverlay--startuptips-TitleId=1872124110&ProcessId=12516&WindowId=5179496.lnk,2021-09-13 10:09:13
ms-gamingoverlay|2d557914958ba7e7,c:\users\klim\Desktop\Forensic\Recent\ms-gamingoverlay--startuptips-TitleId=1879366078&ProcessId=4904&WindowId=6556240.lnk,2021-09-13 10:09:13
ms-gamingoverlay|2e72d8a8da018223,c:\users\klim\Desktop\Forensic\Recent\ms-gamingoverlay--startuptips-TitleId=1879366078&ProcessId=11776&WindowId=1772014.lnk,2021-09-13 10:09:13
ms-gamingoverlay|2f000d2539a60fce,c:\users\klim\Desktop\Forensic\Recent\ms-gamingoverlay--startuptips-TitleId=1879366078&ProcessId=18016&WindowId=591294.lnk,2021-09-13 10:09:13
ms-gamingoverlay|32f3bec8605a95c3,c:\users\klim\Desktop\Forensic\Recent\ms-gamingoverlay--startuptips-TitleId=1879366078&ProcessId=19108&WindowId=395126.lnk,2021-09-13 10:09:13
ms-gamingoverlay|37fd988145c97d96,c:\users\klim\Desktop\Forensic\Recent\ms-gamingoverlay--startuptips-TitleId=1816891279&ProcessId=15748&WindowId=786970.lnk,2021-09-13 10:09:13
ms-gamingoverlay|38b22adf6789b0d2,c:\users\klim\Desktop\Forensic\Recent\ms-gamingoverlay--startuptips-TitleId=1701961169&ProcessId=18512&WindowId=920128.lnk,2021-09-13 10:09:13
ms-gamingoverlay|38f30d4461d37187,c:\users\klim\Desktop\Forensic\Recent\ms-gamingoverlay--startuptips-TitleId=1816891279&ProcessId=13444&WindowId=19401048.lnk,2021-09-13 10:09:13
ms-gamingoverlay|39e51ee62b785dae,c:\users\klim\Desktop\Forensic\Recent\ms-gamingoverlay--startuptips-TitleId=1816891279&ProcessId=15716&WindowId=1444130.lnk,2021-09-13 10:09:13
ms-gamingoverlay|3ddbfc4843e1ffb2,c:\users\klim\Desktop\Forensic\Recent\ms-gamingoverlay--startuptips-TitleId=1879366078&ProcessId=12432&WindowId=657822.lnk,2021-09-13 10:09:13
ms-gamingoverlay|43e4db61b3c15ee9,c:\users\klim\Desktop\Forensic\Recent\ms-gamingoverlay--startuptips-TitleId=1879366078&ProcessId=4064&WindowId=658114.lnk,2021-09-13 10:09:13
ms-gamingoverlay|48ac9f89c018adf0,c:\users\klim\Desktop\Forensic\Recent\ms-gamingoverlay--startuptips-TitleId=1879366078&ProcessId=11000&WindowId=918984.lnk,2021-09-13 10:09:13
ms-gamingoverlay|4d09843a0a9d26fc,c:\users\klim\Desktop\Forensic\Recent\ms-gamingoverlay--startuptips-TitleId=1816891279&ProcessId=15716&WindowId=2034932.lnk,2021-09-13 10:09:13
ms-gamingoverlay|50ec4f00be215df8,c:\users\klim\Desktop\Forensic\Recent\ms-gamingoverlay--startuptips-TitleId=1879366078&ProcessId=19328&WindowId=526050.lnk,2021-09-13 10:09:13
ms-gamingoverlay|56e65948a3b5aa66,c:\users\klim\Desktop\Forensic\Recent\ms-gamingoverlay--startuptips-TitleId=1816891279&ProcessId=11744&WindowId=263606.lnk,2021-09-13 10:09:13
ms-gamingoverlay|571138bebd1de52a,c:\users\klim\Desktop\Forensic\Recent\ms-gamingoverlay--startuptips-TitleId=1816891279&ProcessId=3496&WindowId=197158.lnk,2021-09-13 10:09:13
ms-gamingoverlay|5863346798fa2fe3,c:\users\klim\Desktop\Forensic\Recent\ms-gamingoverlay--startuptips-TitleId=1879366078&ProcessId=15992&WindowId=197474.lnk,2021-09-13 10:09:13
ms-gamingoverlay|5ba76aa9ba3624e,c:\users\klim\Desktop\Forensic\Recent\ms-gamingoverlay--startuptips-TitleId=1879366078&ProcessId=22404&WindowId=528298.lnk,2021-09-13 10:09:13
ms-gamingoverlay|5fc4628d8b7657e8,c:\users\klim\Desktop\Forensic\Recent\ms-gamingoverlay--startuptips-TitleId=1816891279&ProcessId=2340&WindowId=197824.lnk,2021-09-13 10:09:13
ms-gamingoverlay|610da7119a9270e,c:\users\klim\Desktop\Forensic\Recent\ms-gamingoverlay--startuptips-TitleId=1816891279&ProcessId=10612&WindowId=328854.lnk,2021-09-13 10:09:13
ms-gamingoverlay|62236be0845dde79,c:\users\klim\Desktop\Forensic\Recent\ms-gamingoverlay--startuptips-TitleId=1879366078&ProcessId=22088&WindowId=2427426.lnk,2021-09-13 10:09:13
ms-gamingoverlay|64124fbfd75feeba,c:\users\klim\Desktop\Forensic\Recent\ms-gamingoverlay--startuptips-TitleId=1879366078&ProcessId=23140&WindowId=1050012.lnk,2021-09-13 10:09:13
ms-gamingoverlay|647724b8fbd461ef,c:\users\klim\Desktop\Forensic\Recent\ms-gamingoverlay--startuptips-TitleId=1879366078&ProcessId=19200&WindowId=1051486.lnk,2021-09-13 10:09:13
ms-gamingoverlay|64a3bc67ee771b25,c:\users\klim\Desktop\Forensic\Recent\ms-gamingoverlay--startuptips-TitleId=1816891279&ProcessId=17100&WindowId=986686.lnk,2021-09-13 10:09:13
ms-gamingoverlay|64ca69b6773546b6,c:\users\klim\Desktop\Forensic\Recent\ms-gamingoverlay--startuptips-TitleId=1879366078&ProcessId=3868&WindowId=2885872.lnk,2021-09-13 10:09:13
ms-gamingoverlay|6749f701e403920d,c:\users\klim\Desktop\Forensic\Recent\ms-gamingoverlay--kglcheck-.lnk,2021-09-13 10:09:13
ms-gamingoverlay|67c10ade88b5bbb9,c:\users\klim\Desktop\Forensic\Recent\ms-gamingoverlay--startuptips-TitleId=1816891279&ProcessId=3208&WindowId=591116.lnk,2021-09-13 10:09:13
ms-gamingoverlay|6b36d15e36063b08,c:\users\klim\Desktop\Forensic\Recent\ms-gamingoverlay--startuptips-TitleId=1816891279&ProcessId=11532&WindowId=197686.lnk,2021-09-13 10:09:13
ms-gamingoverlay|6d2c837216260c91,c:\users\klim\Desktop\Forensic\Recent\ms-gamingoverlay--startuptips-TitleId=1879366078&ProcessId=17116&WindowId=657892.lnk,2021-09-13 10:09:13
ms-gamingoverlay|70537fe2c4576dfb,c:\users\klim\Desktop\Forensic\Recent\ms-gamingoverlay--startuptips-TitleId=1879366078&ProcessId=47964&WindowId=790316.lnk,2021-09-13 10:09:13
ms-gamingoverlay|7346b3c3cdb7f327,c:\users\klim\Desktop\Forensic\Recent\ms-gamingoverlay--startuptips-TitleId=1816891279&ProcessId=17100&WindowId=3214806.lnk,2021-09-13 10:09:13
ms-gamingoverlay|74afd03cfe86cddb,c:\users\klim\Desktop\Forensic\Recent\ms-gamingoverlay--startuptips-TitleId=1879366078&ProcessId=7288&WindowId=2098454.lnk,2021-09-13 10:09:13
ms-gamingoverlay|75f9e6859be22753,c:\users\klim\Desktop\Forensic\Recent\ms-gamingoverlay--startuptips-TitleId=1879366078&ProcessId=11728&WindowId=2297902.lnk,2021-09-13 10:09:13
ms-gamingoverlay|76fb8bed5d3f19c9,c:\users\klim\Desktop\Forensic\Recent\ms-gamingoverlay--startuptips-TitleId=1879366078&ProcessId=6668&WindowId=5964712.lnk,2021-09-13 10:09:13
ms-gamingoverlay|786ed5c6f2e51ae3,c:\users\klim\Desktop\Forensic\Recent\ms-gamingoverlay--startuptips-TitleId=1879366078&ProcessId=19140&WindowId=1640282.lnk,2021-09-13 10:09:13
ms-gamingoverlay|7a4cc7b7f369282c,c:\users\klim\Desktop\Forensic\Recent\ms-gamingoverlay--startuptips-TitleId=1701961169&ProcessId=13316&WindowId=2427326.lnk,2021-09-13 10:09:13
ms-gamingoverlay|7a6dfaad045e15ff,c:\users\klim\Desktop\Forensic\Recent\ms-gamingoverlay--startuptips-TitleId=1701961169&ProcessId=17676&WindowId=2098700.lnk,2021-09-13 10:09:13
ms-gamingoverlay|7aeb9b24f98b68ef,c:\users\klim\Desktop\Forensic\Recent\ms-gamingoverlay--startuptips-TitleId=1816891279&ProcessId=5728&WindowId=525096.lnk,2021-09-13 10:09:13
ms-gamingoverlay|7df27d8c87457065,c:\users\klim\Desktop\Forensic\Recent\ms-gamingoverlay--startuptips-TitleId=1701961169&ProcessId=49340&WindowId=984290.lnk,2021-09-13 10:09:13
ms-gamingoverlay|820a43acc1bec7e3,c:\users\klim\Desktop\Forensic\Recent\ms-gamingoverlay--startuptips-TitleId=1879366078&ProcessId=17736&WindowId=1706558.lnk,2021-09-13 10:09:13
ms-gamingoverlay|8212e76634c09e00,c:\users\klim\Desktop\Forensic\Recent\ms-gamingoverlay--startuptips-TitleId=1941566477&ProcessId=16404&WindowId=524638.lnk,2021-09-13 10:09:13
ms-gamingoverlay|82451a71de74f4b3,c:\users\klim\Desktop\Forensic\Recent\ms-gamingoverlay--startuptips-TitleId=1879366078&ProcessId=16768&WindowId=2558498.lnk,2021-09-13 10:09:13
ms-gamingoverlay|82ec19f2f0a6eaac,c:\users\klim\Desktop\Forensic\Recent\ms-gamingoverlay--startuptips-TitleId=1816891279&ProcessId=13352&WindowId=11798624.lnk,2021-09-13 10:09:13
ms-gamingoverlay|87258ac9c9599b6d,c:\users\klim\Desktop\Forensic\Recent\ms-gamingoverlay--startuptips-TitleId=1816891279&ProcessId=2040&WindowId=722300.lnk,2021-09-13 10:09:13
ms-gamingoverlay|88107a551d3e8947,c:\users\klim\Desktop\Forensic\Recent\ms-gamingoverlay--- (3).lnk,2021-09-13 10:09:13
ms-gamingoverlay|8ae39a4d1f7891c,c:\users\klim\Desktop\Forensic\Recent\ms-gamingoverlay--startuptips-TitleId=1701961169&ProcessId=2696&WindowId=787958.lnk,2021-09-13 10:09:13
ms-gamingoverlay|8eedefe6514453f2,c:\users\klim\Desktop\Forensic\Recent\ms-gamingoverlay--startuptips-TitleId=1879366078&ProcessId=13808&WindowId=67220.lnk,2021-09-13 10:09:13
ms-gamingoverlay|9318baf2ce017ff7,c:\users\klim\Desktop\Forensic\Recent\ms-gamingoverlay--startuptips-TitleId=1879366078&ProcessId=7828&WindowId=2820182.lnk,2021-09-13 10:09:13
ms-gamingoverlay|94759f4ceef3035b,c:\users\klim\Desktop\Forensic\Recent\ms-gamingoverlay--startuptips-TitleId=1701961169&ProcessId=7140&WindowId=787696.lnk,2021-09-13 10:09:13
ms-gamingoverlay|957f2bd537abf3f,c:\users\klim\Desktop\Forensic\Recent\ms-gamingoverlay--startuptips-TitleId=1879366078&ProcessId=60332&WindowId=85985490.lnk,2021-09-13 10:09:13
ms-gamingoverlay|962062d779444f81,c:\users\klim\Desktop\Forensic\Recent\ms-gamingoverlay--startuptips-TitleId=1816891279&ProcessId=10612&WindowId=263426.lnk,2021-09-13 10:09:13
ms-gamingoverlay|9b0c585c64916454,c:\users\klim\Desktop\Forensic\Recent\ms-gamingoverlay--startuptips-TitleId=1879366078&ProcessId=17448&WindowId=4327098.lnk,2021-09-13 10:09:13
ms-gamingoverlay|9b1a9e5f7e7598ce,c:\users\klim\Desktop\Forensic\Recent\ms-gamingoverlay--startuptips-TitleId=1879366078&ProcessId=9008&WindowId=591146.lnk,2021-09-13 10:09:13
ms-gamingoverlay|9cc9c979fffd3129,c:\users\klim\Desktop\Forensic\Recent\ms-gamingoverlay--startuptips-TitleId=1879366078&ProcessId=12056&WindowId=262698.lnk,2021-09-13 10:09:13
ms-gamingoverlay|9ccffafce185fd9,c:\users\klim\Desktop\Forensic\Recent\ms-gamingoverlay--startuptips-TitleId=1816891279&ProcessId=11532&WindowId=197562.lnk,2021-09-13 10:09:13
ms-gamingoverlay|9d27a48c944f05b0,c:\users\klim\Desktop\Forensic\Recent\ms-gamingoverlay--startuptips-TitleId=1816891279&ProcessId=11744&WindowId=263522.lnk,2021-09-13 10:09:13
ms-gamingoverlay|9da74734c6414d89,c:\users\klim\Desktop\Forensic\Recent\ms-gamingoverlay--startuptips-TitleId=1816891279&ProcessId=20812&WindowId=526544.lnk,2021-09-13 10:09:13
ms-gamingoverlay|9f7403fa02dd2535,c:\users\klim\Desktop\Forensic\Recent\ms-gamingoverlay--startuptips-TitleId=1816891279&ProcessId=3208&WindowId=985518.lnk,2021-09-13 10:09:13
ms-gamingoverlay|9f87ad0a3f05c860,c:\users\klim\Desktop\Forensic\Recent\ms-gamingoverlay--startuptips-TitleId=1879366078&ProcessId=10104&WindowId=723700.lnk,2021-09-13 10:09:13
ms-gamingoverlay|a18b556373d335e,c:\users\klim\Desktop\Forensic\Recent\ms-gamingoverlay--startuptips-TitleId=1872124110&ProcessId=19916&WindowId=5770012.lnk,2021-09-13 10:09:13
ms-gamingoverlay|a23f448f34e0aedf,c:\users\klim\Desktop\Forensic\Recent\ms-gamingoverlay--startuptips-TitleId=1816891279&ProcessId=2040&WindowId=853140.lnk,2021-09-13 10:09:13
ms-gamingoverlay|a2764f880e400842,c:\users\klim\Desktop\Forensic\Recent\ms-gamingoverlay--startuptips-TitleId=1816891279&ProcessId=12316&WindowId=329008.lnk,2021-09-13 10:09:13
ms-gamingoverlay|a3565d1afec77712,c:\users\klim\Desktop\Forensic\Recent\ms-gamingoverlay--startuptips-TitleId=1879366078&ProcessId=22076&WindowId=1901934.lnk,2021-09-13 10:09:13
ms-gamingoverlay|a678a19195ce0fe0,c:\users\klim\Desktop\Forensic\Recent\ms-gamingoverlay--startuptips-TitleId=1816891279&ProcessId=15748&WindowId=8521788.lnk,2021-09-13 10:09:13
ms-gamingoverlay|a74554882d442a7e,c:\users\klim\Desktop\Forensic\Recent\ms-gamingoverlay--startuptips-TitleId=1941566477&ProcessId=12432&WindowId=263144.lnk,2021-09-13 10:09:13
ms-gamingoverlay|ab098298d45c4ae9,c:\users\klim\Desktop\Forensic\Recent\ms-gamingoverlay--startuptips-TitleId=1879366078&ProcessId=21608&WindowId=199508.lnk,2021-09-13 10:09:13
ms-gamingoverlay|af7d389663cabd34,c:\users\klim\Desktop\Forensic\Recent\ms-gamingoverlay--startuptips-TitleId=1701961169&ProcessId=64728&WindowId=525820.lnk,2021-09-13 10:09:13
ms-gamingoverlay|b78f315b11eecfb3,c:\users\klim\Desktop\Forensic\Recent\ms-gamingoverlay--startuptips-TitleId=1701961169&ProcessId=6148&WindowId=2296442.lnk,2021-09-13 10:09:13
ms-gamingoverlay|b939065eae3d7f80,c:\users\klim\Desktop\Forensic\Recent\ms-gamingoverlay--startuptips-TitleId=1879366078&ProcessId=7744&WindowId=460536.lnk,2021-09-13 10:09:13
ms-gamingoverlay|b944206aaa7ec1d9,c:\users\klim\Desktop\Forensic\Recent\ms-gamingoverlay--startuptips-TitleId=1879366078&ProcessId=4788&WindowId=1114664.lnk,2021-09-13 10:09:13
ms-gamingoverlay|b951f2c83e2ada26,c:\users\klim\Desktop\Forensic\Recent\ms-gamingoverlay--startuptips-TitleId=1879366078&ProcessId=13152&WindowId=66552.lnk,2021-09-13 10:09:13
ms-gamingoverlay|beecbf7e74024c4e,c:\users\klim\Desktop\Forensic\Recent\ms-gamingoverlay--startuptips-TitleId=1879366078&ProcessId=17012&WindowId=394982.lnk,2021-09-13 10:09:13
ms-gamingoverlay|bfd185ebaab8a3b1,c:\users\klim\Desktop\Forensic\Recent\ms-gamingoverlay--startuptips-TitleId=1816891279&ProcessId=13352&WindowId=2951574.lnk,2021-09-13 10:09:13
ms-gamingoverlay|c303315d953ecd87,c:\users\klim\Desktop\Forensic\Recent\ms-gamingoverlay--startuptips-TitleId=1879366078&ProcessId=17708&WindowId=329392.lnk,2021-09-13 10:09:13
ms-gamingoverlay|c60e5b0bcab7e000,c:\users\klim\Desktop\Forensic\Recent\ms-gamingoverlay--startuptips-TitleId=1701961169&ProcessId=46652&WindowId=5965996.lnk,2021-09-13 10:09:13
ms-gamingoverlay|c7d47db55429888d,c:\users\klim\Desktop\Forensic\Recent\ms-gamingoverlay--startuptips-TitleId=1879366078&ProcessId=5436&WindowId=328888.lnk,2021-09-13 10:09:13
ms-gamingoverlay|c8583d16c101fad7,c:\users\klim\Desktop\Forensic\Recent\ms-gamingoverlay--startuptips-TitleId=1816891279&ProcessId=13444&WindowId=1378002.lnk,2021-09-13 10:09:13
ms-gamingoverlay|c8e8a6d9941b8c00,c:\users\klim\Desktop\Forensic\Recent\ms-gamingoverlay--startuptips-TitleId=1816891279&ProcessId=11460&WindowId=1245286.lnk,2021-09-13 10:09:13
ms-gamingoverlay|d2f8a4083a8a7fd6,c:\users\klim\Desktop\Forensic\Recent\ms-gamingoverlay--startuptips-TitleId=1879366078&ProcessId=22872&WindowId=1246348.lnk,2021-09-13 10:09:13
ms-gamingoverlay|d53010252f999a2b,c:\users\klim\Desktop\Forensic\Recent\ms-gamingoverlay--startuptips-TitleId=1879366078&ProcessId=19196&WindowId=1115726.lnk,2021-09-13 10:09:13
ms-gamingoverlay|e13ab8618d97860d,c:\users\klim\Desktop\Forensic\Recent\ms-gamingoverlay---.lnk,2021-09-13 10:09:13
ms-gamingoverlay|e1a9aefcfe84fd2f,c:\users\klim\Desktop\Forensic\Recent\ms-gamingoverlay--startuptips-TitleId=1879366078&ProcessId=19040&WindowId=590700.lnk,2021-09-13 10:09:13
ms-gamingoverlay|e2dad15325e5ec4d,c:\users\klim\Desktop\Forensic\Recent\ms-gamingoverlay--startuptips-TitleId=1879366078&ProcessId=17148&WindowId=2295150.lnk,2021-09-13 10:09:13
ms-gamingoverlay|e2f3c5afbe39070b,c:\users\klim\Desktop\Forensic\Recent\ms-gamingoverlay--startuptips-TitleId=1879366078&ProcessId=6360&WindowId=2688290.lnk,2021-09-13 10:09:13
ms-gamingoverlay|e3791f3fd9212352,c:\users\klim\Desktop\Forensic\Recent\ms-gamingoverlay--startuptips-pid=16896&WindowId=198466.lnk,2021-09-13 10:09:13
ms-gamingoverlay|e85288f5f6903100,c:\users\klim\Desktop\Forensic\Recent\ms-gamingoverlay--startuptips-TitleId=1816891279&ProcessId=3496&WindowId=263308.lnk,2021-09-13 10:09:13
ms-gamingoverlay|e8ebaedf59bbb5fd,c:\users\klim\Desktop\Forensic\Recent\ms-gamingoverlay--startuptips-TitleId=1816891279&ProcessId=20812&WindowId=2295164.lnk,2021-09-13 10:09:13
ms-gamingoverlay|ecf1e80f0936b31a,c:\users\klim\Desktop\Forensic\Recent\ms-gamingoverlay--startuptips-TitleId=1816891279&ProcessId=11460&WindowId=2229792.lnk,2021-09-13 10:09:13
ms-gamingoverlay|ef94b9124462803e,c:\users\klim\Desktop\Forensic\Recent\ms-gamingoverlay--startuptips-TitleId=1941566477&ProcessId=15316&WindowId=66720.lnk,2021-09-13 10:09:13
ms-gamingoverlay|f1bacc9d92e17bc9,c:\users\klim\Desktop\Forensic\Recent\ms-gamingoverlay--startuptips-TitleId=1879366078&ProcessId=6252&WindowId=1706274.lnk,2021-09-13 10:09:13
ms-gamingoverlay|f262646a3e6571b7,c:\users\klim\Desktop\Forensic\Recent\ms-gamingoverlay--- (2).lnk,2021-09-13 10:09:13
ms-gamingoverlay|f5537a06310ad526,c:\users\klim\Desktop\Forensic\Recent\ms-gamingoverlay--startuptips-TitleId=1816891279&ProcessId=2340&WindowId=132322.lnk,2021-09-13 10:09:13
ms-gamingoverlay|f6fc4f7ef99b455d,c:\users\klim\Desktop\Forensic\Recent\ms-gamingoverlay--startuptips-TitleId=1816891279&ProcessId=12316&WindowId=263136.lnk,2021-09-13 10:09:13
ms-gamingoverlay|f74a1b0a348bf5b0,c:\users\klim\Desktop\Forensic\Recent\ms-gamingoverlay--startuptips-TitleId=1816891279&ProcessId=5728&WindowId=328816.lnk,2021-09-13 10:09:13
ms-gamingoverlay|f8211ba5e7960ed4,c:\users\klim\Desktop\Forensic\Recent\ms-gamingoverlay--startuptips-TitleId=1879366078&ProcessId=45740&WindowId=1901360.lnk,2021-09-13 10:09:13
ms-gamingoverlay|fb95a0a10c0139e,c:\users\klim\Desktop\Forensic\Recent\ms-gamingoverlay--startuptips-TitleId=1872124110&ProcessId=10936&WindowId=460146.lnk,2021-09-13 10:09:13
ms-gamingoverlay|fe9c360a7cdc54ac,c:\users\klim\Desktop\Forensic\Recent\ms-gamingoverlay--startuptips-TitleId=1869984148&ProcessId=19816&WindowId=6753010.lnk,2021-09-13 10:09:13
ms-settings-conn|17435f50af05a3ea,c:\users\klim\Desktop\Forensic\Recent\ms-settings-connectabledevicesdevicediscovery.lnk,2021-09-13 10:09:13
ms-settings-conn|23b653541bd81ec7,c:\users\klim\Desktop\Forensic\Recent\ms-settings-connectabledevicesdevicediscovery (2).lnk,2021-09-13 10:09:13
ms-settings-conn|8aea0bdeafa9b084,c:\users\klim\Desktop\Forensic\Recent\ms-settings-connectabledevicesdevicediscovery (3).lnk,2021-09-13 10:09:13
ms-settings-disp|ee8be74cf9f399c7,c:\users\klim\Desktop\Forensic\Recent\ms-settings-displays-topologyprojection.lnk,2021-09-13 10:09:13
ms-settingssound|47ecc820e20bd3fe,c:\users\klim\Desktop\Forensic\Recent\ms-settingssound (2).lnk,2021-09-13 10:09:13
ms-settingssound|6ec069d2220cf301,c:\users\klim\Desktop\Forensic\Recent\ms-settingssound.lnk,2021-09-13 10:09:13
my kaspersky.lnk|21cec2029148ee47,C:\ProgramData\Microsoft\Windows\Start Menu\Programs\Kaspersky Secure Connection\My Kaspersky.lnk,2021-05-26 08:54:46
my kaspersky.lnk|950ef40f4f578b74,C:\Program Files (x86)\Kaspersky Lab\Kaspersky Secure Connection 5.3\StartMenu\ksde\Kaspersky Secure Connection\My Kaspersky.lnk,2021-05-26 08:54:48
narrator.lnk|cade43be3b2003c4,c:\users\klim\AppData\Roaming\Microsoft\Windows\Start Menu\Programs\Accessibility\Narrator.lnk,2021-05-26 08:54:49
ninja-win.zip.ln|2c5d9a1678751dc,c:\users\klim\Desktop\Forensic\Recent\ninja-win.zip.lnk,2021-09-13 10:09:13
ninja.lnk|1a12cef9129f92df,c:\users\klim\Desktop\Forensic\Recent\ninja.lnk,2021-09-13 10:09:13
notepad++.lnk|6a8f764122d603e3,C:\ProgramData\Microsoft\Windows\Start Menu\Programs\Notepad++.lnk,2021-05-26 08:54:46
notepad.lnk|508c89a410e13c2b,C:\ProgramData\Microsoft\Windows\Start Menu\Programs\Accessories\Notepad.lnk,2021-05-26 08:54:41
nsis.lnk|c4f6d4312f98b386,c:\users\klim\AppData\Roaming\Microsoft\Windows\Start Menu\Programs\NSIS.lnk,2021-08-22 16:34:13
obs studio (64bi|b6c6c22527acbfbe,C:\ProgramData\Microsoft\Windows\Start Menu\Programs\OBS Studio\OBS Studio (64bit).lnk,2021-07-11 06:01:47
obs studio.lnk|f8d392cf6c9eae13,C:\Users\Public\Desktop\OBS Studio.lnk,2021-07-11 06:01:47
odbc data source|42e93af66b0179cc,C:\ProgramData\Microsoft\Windows\Start Menu\Programs\Administrative Tools\ODBC Data Sources (32-bit).lnk,2021-05-26 08:54:41
odbc data source|9740663b465a3030,C:\ProgramData\Microsoft\Windows\Start Menu\Programs\Administrative Tools\ODBC Data Sources (64-bit).lnk,2021-05-26 08:54:41
office language |eaf47eea357b7c8d,C:\ProgramData\Microsoft\Windows\Start Menu\Programs\Microsoft Office Tools\Office Language Preferences.lnk,2021-05-27 14:23:30
on-screen keyboa|ca12dd741e9eb773,c:\users\klim\AppData\Roaming\Microsoft\Windows\Start Menu\Programs\Accessibility\On-Screen Keyboard.lnk,2021-05-26 08:54:49
onedrive.lnk|86ad993ea162c6a4,c:\users\klim\AppData\Roaming\Microsoft\Windows\Start Menu\Programs\OneDrive.lnk,2021-05-26 08:54:49
onedrive.lnk|b79d920ebd7ed879,C:\ProgramData\Microsoft\Windows\Start Menu\Programs\OneDrive.lnk,2021-05-27 14:23:30
onenote.lnk|be2aa75cdaced0c1,C:\ProgramData\Microsoft\Windows\Start Menu\Programs\OneNote.lnk,2021-05-27 14:23:30
paint.lnk|a40dccd0d4ee6c9e,C:\ProgramData\Microsoft\Windows\Start Menu\Programs\Accessories\Paint.lnk,2021-05-26 08:54:41
performance moni|7b4ccc410e6c9b2,C:\ProgramData\Microsoft\Windows\Start Menu\Programs\Administrative Tools\Performance Monitor.lnk,2021-05-26 08:54:41
powerpoint.lnk|86cd638959ed7024,C:\ProgramData\Microsoft\Windows\Start Menu\Programs\PowerPoint.lnk,2021-05-27 14:23:30
print management|d62876304a345243,C:\ProgramData\Microsoft\Windows\Start Menu\Programs\Administrative Tools\Print Management.lnk,2021-05-26 08:54:41
punto switcher.l|1d1582fe3a337ec3,c:\users\klim\AppData\Roaming\Microsoft\Windows\Start Menu\Programs\Startup\Punto Switcher.lnk,2021-05-26 08:54:49
punto switcher.l|80b989fb2109414e,C:\ProgramData\Microsoft\Windows\Start Menu\Programs\Яндекс\Punto Switcher\Punto Switcher.lnk,2021-05-26 08:54:47
qt 6.1.2 (mingw |aa6b00773fe90e89,c:\users\klim\AppData\Roaming\Microsoft\Windows\Start Menu\Programs\Qt\6.1.2\MinGW 8.1.0 (64-bit)\Qt 6.1.2 (MinGW 8.1.0 64-bit).lnk,2021-08-22 16:34:13
qt creator 4.15.|5fa8047d54c38cc9,c:\users\klim\AppData\Roaming\Microsoft\Windows\Start Menu\Programs\Qt\Qt Creator 4.15.2 (Community).lnk,2021-08-22 16:34:13
qt maintenance t|525e159a8e07ce32,c:\users\klim\AppData\Roaming\Microsoft\Windows\Start Menu\Programs\Qt\Qt Maintenance Tool.lnk,2021-08-22 16:34:26
quick assist.lnk|aec648940984ef2c,C:\ProgramData\Microsoft\Windows\Start Menu\Programs\Accessories\Quick Assist.lnk,2021-05-26 08:54:41
recoverydrive.ln|bd17aaeacd8dade9,C:\ProgramData\Microsoft\Windows\Start Menu\Programs\Administrative Tools\RecoveryDrive.lnk,2021-05-26 08:54:41
registry editor.|5ddc248726504021,C:\ProgramData\Microsoft\Windows\Start Menu\Programs\Administrative Tools\Registry Editor.lnk,2021-05-26 08:54:41
registrydirs.txt|bbfbf60093f55d90,c:\users\klim\Desktop\Forensic\Recent\registryDirs.txt.lnk,2021-09-13 10:09:13
registrydirsrese|a8d4cf4fd1a24aa9,c:\users\klim\Desktop\Forensic\Recent\registryDirsReserve.txt.lnk,2021-09-13 10:09:13
release notes.ln|3914743567526bb3,C:\ProgramData\Microsoft\Windows\Start Menu\Programs\Microsoft Azure\Microsoft Azure SDK for .NET\v2.9\Release Notes.lnk,2021-05-26 08:54:46
remote desktop c|41f5bddb6f1b946e,C:\ProgramData\Microsoft\Windows\Start Menu\Programs\Accessories\Remote Desktop Connection.lnk,2021-05-26 08:54:41
report a problem|2ee8c21fc56a4796,C:\ProgramData\Microsoft\Windows\Start Menu\Programs\Unity 2020.3.11f1 (64-bit)\Report a Problem with Unity.lnk,2021-06-11 13:28:01
resource monitor|f0b52ad95c113be1,C:\ProgramData\Microsoft\Windows\Start Menu\Programs\Administrative Tools\Resource Monitor.lnk,2021-05-26 08:54:41
result.txt.lnk|ad9bcf577177437b,c:\users\klim\Desktop\Forensic\Recent\result.txt.lnk,2021-09-13 10:09:13
rockstar games l|13a8c9e07e19fc5f,c:\users\klim\Desktop\Rockstar Games Launcher.lnk,2021-07-05 17:31:42
rockstar games l|d3124cc74e00fbeb,c:\users\klim\AppData\Roaming\Microsoft\Windows\Start Menu\Programs\Rockstar Games\Rockstar Games Launcher.lnk,2021-07-05 17:31:42
run pixie run.ln|d5d608a0f103a476,c:\users\klim\AppData\Roaming\Microsoft\Windows\Start Menu\Programs\Приложения Chrome\Run Pixie Run.lnk,2021-05-26 08:54:49
run.lnk|3287e64ab0f633,c:\users\klim\AppData\Roaming\Microsoft\Windows\Start Menu\Programs\System Tools\Run.lnk,2021-05-26 08:54:49
samples for desk|14df57b5258c5796,C:\ProgramData\Microsoft\Windows\Start Menu\Programs\Windows Kits\Windows Software Development Kit\Samples for Desktop Apps.lnk,2021-05-26 08:54:47
samples for wind|aaee78222d1c121,C:\ProgramData\Microsoft\Windows\Start Menu\Programs\Windows Kits\Windows Software Development Kit\Samples for Windows Store Apps.lnk,2021-05-26 08:54:47
samples.lnk|e426fb37e57028f1,C:\ProgramData\Microsoft\Windows\Start Menu\Programs\Microsoft Azure\Microsoft Azure SDK for .NET\v2.9\Samples.lnk,2021-05-26 08:54:46
save the day.lnk|dacf6b775c3e96d,c:\users\klim\AppData\Roaming\Microsoft\Windows\Start Menu\Programs\Приложения Chrome\Save the Day.lnk,2021-05-26 08:54:49
sdrangel.lnk|b5e4afaf821c9e62,C:\ProgramData\Microsoft\Windows\Start Menu\Programs\SDRangel\SDRangel.lnk,2021-08-22 16:34:12
security center.|69bec67c5897c938,C:\ProgramData\Microsoft\Windows\Start Menu\Programs\Dr.Web\Security Center.lnk,2021-09-20 16:49:51
security configu|7d509aa7f2a5ffcc,C:\ProgramData\Microsoft\Windows\Start Menu\Programs\Administrative Tools\Security Configuration Management.lnk,2021-05-26 08:54:41
services.lnk|701369eeb35d6005,C:\ProgramData\Microsoft\Windows\Start Menu\Programs\Administrative Tools\services.lnk,2021-05-26 08:54:41
setupapi.dev.log|339478db1022075e,c:\users\klim\Desktop\Forensic\Recent\setupapi.dev.log.lnk,2021-09-13 10:09:13
snipping tool.ln|734ae0b30b37a6fa,C:\ProgramData\Microsoft\Windows\Start Menu\Programs\Accessories\Snipping Tool.lnk,2021-05-26 08:54:41
soapui 5.6.0 uni|3cf64791b2958571,C:\ProgramData\Microsoft\Windows\Start Menu\Programs\SmartBear\SoapUI 5.6.0\SoapUI 5.6.0 Uninstaller.lnk,2021-05-26 08:54:46
soapui 5.6.0.lnk|c7a2993670f23cbb,C:\Users\Public\Desktop\SoapUI 5.6.0.lnk,2021-05-26 08:54:47
soapui-5.6.0.lnk|32faaadb272ba29c,C:\ProgramData\Microsoft\Windows\Start Menu\Programs\SmartBear\SoapUI 5.6.0\SoapUI-5.6.0.lnk,2021-05-26 08:54:46
sound (2).lnk|1266b24efe88d264,c:\users\klim\Desktop\Forensic\Recent\Sound (2).lnk,2021-09-13 10:09:13
sound.lnk|27cc169325164528,c:\users\klim\Desktop\Forensic\Recent\Sound.lnk,2021-09-13 10:09:13
speech recogniti|5d57f1973bdd5430,C:\ProgramData\Microsoft\Windows\Start Menu\Programs\Accessibility\Speech Recognition.lnk,2021-05-26 08:54:41
sql server 2019 |6dff2c20bf2c12b0,C:\ProgramData\Microsoft\Windows\Start Menu\Programs\Microsoft SQL Server 2019\Configuration Tools\SQL Server 2019 Installation Center (64-bit).lnk,2021-05-26 08:54:46
sql server 2019 |c5eb66babffa2698,C:\ProgramData\Microsoft\Windows\Start Menu\Programs\Microsoft SQL Server 2019\Configuration Tools\SQL Server 2019 Configuration Manager.lnk,2021-05-26 08:54:46
sql server 2019 |e9445c843745439c,C:\ProgramData\Microsoft\Windows\Start Menu\Programs\Microsoft SQL Server 2019\Configuration Tools\SQL Server 2019 Error and Usage Reporting.lnk,2021-05-26 08:54:46
sql server 2019 |fac9dc86b65f3aae,C:\ProgramData\Microsoft\Windows\Start Menu\Programs\Microsoft SQL Server 2019\SQL Server 2019 Import and Export Data (64-bit).lnk,2021-05-26 08:54:46
sql server profi|da78e10d954ea7e,C:\ProgramData\Microsoft\Windows\Start Menu\Programs\Microsoft SQL Server Tools 18\Performance Tools\SQL Server Profiler 18.lnk,2021-05-26 08:54:46
start tor browse|b78f573c60f406c8,c:\users\klim\Desktop\Start Tor Browser.lnk,2021-06-17 15:44:08
start tor browse|d54a4e31ed996c49,c:\users\klim\AppData\Roaming\Microsoft\Windows\Start Menu\Programs\Start Tor Browser.lnk,2021-06-17 15:44:08
steam.lnk|1677b9b69bc51c38,c:\users\klim\AppData\Roaming\Microsoft\Windows\Start Menu\Programs\Steam\Steam.lnk,2021-08-24 13:42:01
steam.lnk|2e6dd08f149c43db,C:\ProgramData\Microsoft\Windows\Start Menu\Programs\Steam\Steam.lnk,2021-05-26 08:54:46
steam.lnk|51e2be5a06bdc4f5,C:\Users\Public\Desktop\Steam.lnk,2021-05-26 08:54:47
steps recorder.l|87b62a644197e790,C:\ProgramData\Microsoft\Windows\Start Menu\Programs\Accessories\Steps Recorder.lnk,2021-05-26 08:54:41
streams.lnk|f79cacde1c161f00,c:\users\klim\Desktop\Forensic\Recent\Streams.lnk,2021-09-13 10:09:13
swooop.lnk|3e28a6dba1ec4e7f,c:\users\klim\AppData\Roaming\Microsoft\Windows\Start Menu\Programs\Приложения Chrome\SWOOOP.lnk,2021-05-26 08:54:49
system and secur|650a4c4cc341c6d1,c:\users\klim\Desktop\Forensic\Recent\System and Security.lnk,2021-09-13 10:09:13
system configura|82500ada25d8af21,C:\ProgramData\Microsoft\Windows\Start Menu\Programs\Administrative Tools\System Configuration.lnk,2021-05-26 08:54:41
system informati|47a9a0488f6fea8b,C:\ProgramData\Microsoft\Windows\Start Menu\Programs\Administrative Tools\System Information.lnk,2021-05-26 08:54:41
system.lnk|1cbaa9760b6cc6d2,c:\users\klim\Desktop\Forensic\Recent\System.lnk,2021-09-13 10:09:13
task manager.lnk|4502f59f3e4accf5,C:\ProgramData\Microsoft\Windows\Start Menu\Programs\System Tools\Task Manager.lnk,2021-05-26 08:54:46
task scheduler.l|a1ccac43511808e1,C:\ProgramData\Microsoft\Windows\Start Menu\Programs\Administrative Tools\Task Scheduler.lnk,2021-05-26 08:54:41
the internet.lnk|6d9847218225eeea,c:\users\klim\Desktop\Forensic\Recent\The Internet.lnk,2021-09-13 10:09:13
this pc.lnk|c77067280c83602e,c:\users\klim\Desktop\Forensic\Recent\This PC.lnk,2021-09-13 10:09:13
tools for deskto|b28144ef9049fa93,C:\ProgramData\Microsoft\Windows\Start Menu\Programs\Windows Kits\Windows Software Development Kit\Tools for Desktop Apps.lnk,2021-05-26 08:54:47
tools for window|97c8bed32b0ad419,C:\ProgramData\Microsoft\Windows\Start Menu\Programs\Windows Kits\Windows Software Development Kit\Tools for Windows Store Apps.lnk,2021-05-26 08:54:47
trash.lnk|69274a09802149e5,c:\users\klim\Desktop\Forensic\Recent\Trash.lnk,2021-09-13 10:09:13
uninstall a prog|7e6b969ac6cf1317,c:\users\klim\Desktop\Forensic\Recent\Uninstall a program.lnk,2021-09-13 10:09:13
uninstall cmake.|d26c5c0e8220bea9,C:\ProgramData\Microsoft\Windows\Start Menu\Programs\CMake\Uninstall CMake.lnk,2021-08-22 16:34:11
uninstall driver|d5d695328a9d1e64,C:\ProgramData\Microsoft\Windows\Start Menu\Programs\Driver Booster 8\Uninstall Driver Booster 8.lnk,2021-05-29 12:27:10
uninstall hwmoni|eb691999a79a7f37,C:\ProgramData\Microsoft\Windows\Start Menu\Programs\CPUID\HWMonitor\Uninstall HWMonitor.lnk,2021-07-01 14:24:33
uninstall openss|24081565fe2dba56,C:\ProgramData\Microsoft\Windows\Start Menu\Programs\OpenSSL\Uninstall OpenSSL.lnk,2021-06-15 14:56:37
uninstall qt.lnk|175808f4bcce3c4a,c:\users\klim\AppData\Roaming\Microsoft\Windows\Start Menu\Programs\Qt\Uninstall Qt.lnk,2021-08-22 16:34:26
uninstall.lnk|131c390be3f98c8,C:\ProgramData\Microsoft\Windows\Start Menu\Programs\OBS Studio\Uninstall.lnk,2021-07-11 06:01:47
uninstall.lnk|378b58e574c895c9,C:\ProgramData\Microsoft\Windows\Start Menu\Programs\SDRangel\Uninstall.lnk,2021-08-22 16:34:12
unity 2020.3.11f|7b7a3be89105a18e,C:\Users\Public\Desktop\Unity 2020.3.11f1 (64-bit).lnk,2021-06-11 13:28:05
unity documentat|df05161447807da2,C:\ProgramData\Microsoft\Windows\Start Menu\Programs\Unity 2020.3.11f1 (64-bit)\Unity Documentation.lnk,2021-06-11 13:28:01
unity hub.lnk|34744ba22d43818,C:\ProgramData\Microsoft\Windows\Start Menu\Programs\Unity Hub.lnk,2021-05-26 08:54:46
unity hub.lnk|6d1dc15508732dd4,C:\Users\Public\Desktop\Unity Hub.lnk,2021-05-26 08:54:47
unity projects.l|8f573cd4ede7da8a,c:\users\klim\Desktop\Forensic\Recent\Unity Projects.lnk,2021-09-13 10:09:13
unity.lnk|77a9a793be448f78,C:\ProgramData\Microsoft\Windows\Start Menu\Programs\Unity 2020.3.11f1 (64-bit)\Unity.lnk,2021-06-11 13:28:03
univer.lnk|8dbe9fa17f86e6f,c:\users\klim\Desktop\Forensic\Recent\Univer.lnk,2021-09-13 10:09:13
untitled.png.lnk|3e34f7af1ae742a0,c:\users\klim\Desktop\Forensic\Recent\Untitled.png.lnk,2021-09-13 10:09:13
videos.lnk|49476571f1ac0292,c:\users\klim\Desktop\Forensic\Recent\Videos.lnk,2021-09-13 10:09:13
visual studio 20|d92a581b5d64ca6d,C:\ProgramData\Microsoft\Windows\Start Menu\Programs\Visual Studio 2019.lnk,2021-05-26 08:54:46
visual studio in|11653cac07b200b5,C:\ProgramData\Microsoft\Windows\Start Menu\Programs\Visual Studio Installer.lnk,2021-05-26 08:54:46
vmcreate.lnk|cdc48726a360339b,C:\ProgramData\Microsoft\Windows\Start Menu\Programs\Administrative Tools\VMCreate.lnk,2021-05-26 08:54:41
win64 openssl co|5d2fb1662d887ff1,C:\ProgramData\Microsoft\Windows\Start Menu\Programs\OpenSSL\Win64 OpenSSL Command Prompt.lnk,2021-06-15 14:56:37
windbg (x64).lnk|2331d55dc4dbd584,C:\ProgramData\Microsoft\Windows\Start Menu\Programs\Windows Kits\Debugging Tools for Windows (X64)\WinDbg (X64).lnk,2021-08-22 16:34:12
windbg (x86).lnk|ab684e6fcd99d99c,C:\ProgramData\Microsoft\Windows\Start Menu\Programs\Windows Kits\Debugging Tools for Windows (X86)\WinDbg (X86).lnk,2021-08-22 16:34:12
windows app cert|784aa06f83e8d21e,C:\ProgramData\Microsoft\Windows\Start Menu\Programs\Windows Kits\Windows App Certification Kit\Windows App Cert Kit.lnk,2021-05-26 08:54:47
windows defender|9641b1036d9d2c34,C:\ProgramData\Microsoft\Windows\Start Menu\Programs\Administrative Tools\Windows Defender Firewall with Advanced Security.lnk,2021-05-26 08:54:42
windows fax and |1f239f501896c947,C:\ProgramData\Microsoft\Windows\Start Menu\Programs\Accessories\Windows Fax and Scan.lnk,2021-05-26 08:54:41
windows media pl|61db8c35c15c8cc6,C:\ProgramData\Microsoft\Windows\Start Menu\Programs\Accessories\Windows Media Player.lnk,2021-05-26 08:54:41
windows powershe|30733c7985fb9bcb,C:\ProgramData\Microsoft\Windows\Start Menu\Programs\Windows PowerShell\Windows PowerShell ISE.lnk,2021-05-26 08:54:47
windows powershe|6d2a715ad3bf3395,C:\ProgramData\Microsoft\Windows\Start Menu\Programs\Windows PowerShell\Windows PowerShell ISE (x86).lnk,2021-05-26 08:54:47
windows powershe|8aa663578e1458b0,c:\users\klim\AppData\Roaming\Microsoft\Windows\Start Menu\Programs\Windows PowerShell\Windows PowerShell (x86).lnk,2021-05-26 08:54:49
windows powershe|f194a6fa03d38ee5,c:\users\klim\AppData\Roaming\Microsoft\Windows\Start Menu\Programs\Windows PowerShell\Windows PowerShell.lnk,2021-05-26 08:54:49
windows sandbox.|bb5acb75d9f7a14a,C:\ProgramData\Microsoft\Windows\Start Menu\Programs\Windows Sandbox.lnk,2021-05-27 14:23:30
windows software|1818c6aa178f2a44,C:\ProgramData\Microsoft\Windows\Start Menu\Programs\Windows Kits\Windows Software Development Kit\Windows Software Development Kit.lnk,2021-05-26 08:54:47
wireshark.lnk|7c784a738f3dcbf0,C:\ProgramData\Microsoft\Windows\Start Menu\Programs\Wireshark.lnk,2021-06-17 15:44:07
word.lnk|a5231da2ea1070e5,C:\ProgramData\Microsoft\Windows\Start Menu\Programs\Word.lnk,2021-05-27 14:23:30
wordpad.lnk|b071df8746c2a535,C:\ProgramData\Microsoft\Windows\Start Menu\Programs\Accessories\Wordpad.lnk,2021-05-26 08:54:41
x64 native tools|7b637c2bfb8a0b9,C:\ProgramData\Microsoft\Windows\Start Menu\Programs\Visual Studio 2019\Visual Studio Tools\VC\x64 Native Tools Command Prompt for VS 2019.lnk,2021-08-22 16:34:12
x64_x86 cross to|bbb72ab3dd0c39be,C:\ProgramData\Microsoft\Windows\Start Menu\Programs\Visual Studio 2019\Visual Studio Tools\VC\x64_x86 Cross Tools Command Prompt for VS 2019.lnk,2021-08-22 16:34:12
x86 native tools|b86e5f1aaae12640,C:\ProgramData\Microsoft\Windows\Start Menu\Programs\Visual Studio 2019\Visual Studio Tools\VC\x86 Native Tools Command Prompt for VS 2019.lnk,2021-08-22 16:34:12
x86_x64 cross to|f97480f87a9d3afa,C:\ProgramData\Microsoft\Windows\Start Menu\Programs\Visual Studio 2019\Visual Studio Tools\VC\x86_x64 Cross Tools Command Prompt for VS 2019.lnk,2021-08-22 16:34:12
xps viewer.lnk|119a95c373ebf04f,C:\ProgramData\Microsoft\Windows\Start Menu\Programs\Accessories\XPS Viewer.lnk,2021-05-26 08:54:41
восстановление_п|76f4c79da59ad8f,c:\users\klim\Desktop\Forensic\Recent\восстановление_при_отч.doc.lnk,2021-09-13 10:09:13
Дневник.lnk|ec648c7c14eff733,C:\ProgramData\Microsoft\Windows\Start Menu\Programs\Яндекс\Punto Switcher\Дневник.lnk,2021-05-26 08:54:47
Заявление_Четвер|91dfa391d3310a61,c:\users\klim\Desktop\Forensic\Recent\Заявление_Четвериков.doc.lnk,2021-09-13 10:09:13
Лаборатория Касп|4039884ed8d450e3,C:\Program Files (x86)\Kaspersky Lab\Kaspersky Security Cloud 21.3\StartMenu\kfa\Kaspersky Free\Лаборатория Касперского в интернете.lnk,2021-05-26 08:54:48
Лаборатория Касп|681d0296ac8173c8,C:\Program Files (x86)\Kaspersky Lab\Kaspersky Security Cloud 21.3\StartMenu\saas\Kaspersky Security Cloud\Лаборатория Касперского в интернете.lnk,2021-05-26 08:54:48
Лаборатория Касп|72f2fef397a76e52,C:\Program Files (x86)\Kaspersky Lab\Kaspersky Security Cloud 21.3\StartMenu\pure\Kaspersky Total Security\Лаборатория Касперского в интернете.lnk,2021-05-26 08:54:48
Лаборатория Касп|acb152146f14461b,C:\Program Files (x86)\Kaspersky Lab\Kaspersky Security Cloud 21.3\StartMenu\kis\Kaspersky Internet Security\Лаборатория Касперского в интернете.lnk,2021-05-26 08:54:48
Лаборатория Касп|b8b55c2949b4f2a3,C:\ProgramData\Microsoft\Windows\Start Menu\Programs\Kaspersky Security Cloud\Лаборатория Касперского в интернете.lnk,2021-05-26 08:54:46
Лаборатория Касп|e300a545385769fc,C:\Program Files (x86)\Kaspersky Lab\Kaspersky Security Cloud 21.3\StartMenu\kav\Kaspersky Anti-Virus\Лаборатория Касперского в интернете.lnk,2021-05-26 08:54:48
Лицензионное сог|c892388b7f9a16c8,C:\ProgramData\Microsoft\Windows\Start Menu\Programs\Kaspersky Secure Connection\Лицензионное соглашение.lnk,2021-05-26 08:54:46
Лицензионное сог|f623565e67d060a,C:\Program Files (x86)\Kaspersky Lab\Kaspersky Secure Connection 5.3\StartMenu\ksde\Kaspersky Secure Connection\Лицензионное соглашение.lnk,2021-05-26 08:54:48
Настройка раскла|b393a1f27f40d595,C:\ProgramData\Microsoft\Windows\Start Menu\Programs\Яндекс\Punto Switcher\Настройка раскладок.lnk,2021-05-26 08:54:47
Новые возможност|ba262fbf36ed2cd5,C:\ProgramData\Microsoft\Windows\Start Menu\Programs\Яндекс\Punto Switcher\Новые возможности.lnk,2021-05-26 08:54:47
Перейти на my ka|becac11fa40adeae,C:\ProgramData\Microsoft\Windows\Start Menu\Programs\Kaspersky Password Manager\Перейти на My Kaspersky.lnk,2021-05-26 08:54:46
Справка.lnk|bbb14a8dc6f15434,C:\ProgramData\Microsoft\Windows\Start Menu\Programs\Яндекс\Punto Switcher\Справка.lnk,2021-05-26 08:54:47
Стипа.lnk|d4ffdc8549d80001,c:\users\klim\Desktop\Forensic\Recent\Стипа.lnk,2021-09-13 10:09:13
Удалить kaspersk|171323c16742c258,C:\ProgramData\Microsoft\Windows\Start Menu\Programs\Kaspersky Secure Connection\Удалить Kaspersky Secure Connection.lnk,2021-05-26 08:54:46
Удалить kaspersk|4250eed92dde0bbe,C:\Program Files (x86)\Kaspersky Lab\Kaspersky Security Cloud 21.3\StartMenu\kis\Kaspersky Internet Security\Удалить Kaspersky Internet Security.lnk,2021-05-26 08:54:48
Удалить kaspersk|46cc215cf16a4839,C:\Program Files (x86)\Kaspersky Lab\Kaspersky Secure Connection 5.3\StartMenu\ksde\Kaspersky Secure Connection\Удалить Kaspersky Secure Connection.lnk,2021-05-26 08:54:48
Удалить kaspersk|54acf678a69f4eea,C:\ProgramData\Microsoft\Windows\Start Menu\Programs\Kaspersky Security Cloud\Удалить Kaspersky Security Cloud.lnk,2021-05-26 08:54:46
Удалить kaspersk|6e0e61862a5bf857,C:\Program Files (x86)\Kaspersky Lab\Kaspersky Security Cloud 21.3\StartMenu\kfa\Kaspersky Free\Удалить Kaspersky Free.lnk,2021-05-26 08:54:48
Удалить kaspersk|b940071e5197f3d0,C:\Program Files (x86)\Kaspersky Lab\Kaspersky Security Cloud 21.3\StartMenu\kav\Kaspersky Anti-Virus\Удалить Kaspersky Anti-Virus.lnk,2021-05-26 08:54:48
Удалить kaspersk|c02aded7fe3063fa,C:\ProgramData\Microsoft\Windows\Start Menu\Programs\Kaspersky Password Manager\Удалить Kaspersky Password Manager.lnk,2021-05-26 08:54:46
Удалить kaspersk|dfc119aa072ebc9b,C:\Program Files (x86)\Kaspersky Lab\Kaspersky Security Cloud 21.3\StartMenu\saas\Kaspersky Security Cloud\Удалить Kaspersky Security Cloud.lnk,2021-05-26 08:54:48
Удалить kaspersk|e170cef973d05cd1,C:\Program Files (x86)\Kaspersky Lab\Kaspersky Security Cloud 21.3\StartMenu\pure\Kaspersky Total Security\Удалить Kaspersky Total Security.lnk,2021-05-26 08:54:48
